label,email_text
phishing,"Urgent: Your account has been compromised. Click here to reset your password immediately."
phishing,"You have won a $1,000 Walmart gift card. Click the link to claim."
phishing,"We’ve detected unusual activity in your bank account. Log in now to verify."
phishing,"Your package delivery failed. Please provide your address again."
phishing,"Update your billing information to avoid service interruption."
phishing,"Verify your email to avoid account suspension."
phishing,"Congratulations, you’ve been selected for a reward. Fill the form now."
phishing,"Security alert: Login attempt from unknown device. Act fast."
phishing,"Your Apple ID has been locked. Click here to reactivate."
phishing,"Reactivate your PayPal account now or risk deactivation."
legitimate,"Your order #1234 has been shipped. Track your delivery here."
legitimate,"Meeting scheduled for tomorrow at 10 AM. Please confirm your availability."
legitimate,"Thank you for your recent payment. Invoice attached."
legitimate,"Your subscription has been renewed successfully."
legitimate,"Welcome to our newsletter! Stay tuned for updates."
legitimate,"Reminder: Your dental appointment is on Monday at 2 PM."
legitimate,"We’ve updated our privacy policy. Click to learn more."
legitimate,"Your monthly report is now available in your dashboard."
legitimate,"Thanks for contacting support. We’ll get back to you shortly."
legitimate,"Happy birthday! Here’s a gift from our team."
